ID,Distance,Elevation
1,0,961.405580574041
2,4.656859093984822,961.2826645919678
3,9.313718187969643,961.2077410646664
4,13.970577281954462,961.1196202250237
5,18.627436375939286,960.9915455025912
6,23.284295469924103,960.8560628924538
7,27.941154563908924,960.7599045087807
8,32.598013657893745,960.6756477956175
9,37.25487275187857,960.5889067965385
10,41.911731845863386,960.546875
11,46.56859093984821,960.5627512599267
12,51.225450033833035,960.5787494459366
13,55.88230912781785,960.5028112291959
14,60.539168221802676,960.358936215778
15,65.19602731578749,960.2298765227281
16,69.85288640977231,960.138268291349
17,74.50974550375715,960.051569593844
18,79.16660459774195,959.9523753377609
19,83.82346369172677,959.849926589569
20,88.4803227857116,959.750998851055
21,93.13718187969641,959.6781544198969
22,97.79404097368123,959.6678160601479
23,102.45090006766607,959.6990818570504
24,107.10775916165088,959.7012979324319
25,111.7646182556357,959.6357435060926
26,116.42147734962052,959.5516216437131
27,121.07833644360535,959.4874678002875
28,125.73519553759017,959.450351012531
29,130.39205463157498,959.4407181049141
30,135.0489137255598,959.4575360948021
31,139.70577281954462,959.4710682585178
32,144.36263191352947,959.4250243098791
33,149.0194910075143,959.3238674039679
34,153.67635010149908,959.2091846909032
35,158.3332091954839,959.1047105593591
36,162.99006828946872,959.0070860517668
37,167.64692738345354,958.9272995638751
38,172.3037864774384,958.9020700283013
39,176.9606455714232,958.9625080201969
40,181.617504665408,959.0647194178537
41,186.27436375939283,959.1147859486748
42,190.93122285337765,959.076584107821
43,195.58808194736247,958.9960238650741
44,200.24494104134732,958.9184388492708
45,204.90180013533214,958.8582242244391
46,209.55865922931693,958.831312908768
47,214.21551832330175,958.8358045220391
48,218.87237741728657,958.8675620161382
49,223.5292365112714,958.8584450233691
50,228.1860956052562,958.7841221819567
51,232.84295469924103,958.6713487907851
52,237.49981379322588,958.5920076190635
53,242.1566728872107,958.5539550241942
54,246.81353198119552,958.5197199824584
55,251.47039107518034,958.4612333944174
56,256.12725016916517,958.4046192487001
57,260.78410926314996,958.4072144247348
58,265.4409683571348,958.4392309683433
59,270.0978274511196,958.4331490437107
60,274.75468654510445,958.3543172362467
61,279.41154563908924,958.2467748935708
62,284.06840473307403,958.1290831730316
63,288.72526382705894,958.0320568664091
64,293.38212292104373,958.019527378648
65,298.0389820150286,958.1026945793901
66,302.6958411090134,958.1847810648662
67,307.35270020299816,958.1538182571977
68,312.009559296983,958.0162113770735
69,316.6664183909678,957.8744307592016
70,321.32327748495265,957.8263187064247
71,325.98013657893745,957.8440037725004
72,330.6369956729223,957.818259085429
73,335.2938547669071,957.7254019051824
74,339.95071386089194,957.6384743782855
75,344.6075729548768,957.5861408731271
76,349.2644320488616,957.546273833742
77,353.9212911428464,957.5352643290332
78,358.5781502368312,957.5818870500229
79,363.235009330816,957.6104317374253
80,367.89186842480086,957.5560605488972
81,372.54872751878565,957.4626426878458
82,377.2055866127705,957.421875
83,381.8624457067553,957.4510892436556
84,386.51930480074014,957.4590451986139
85,391.17616389472494,957.4098644109538
86,395.8330229887098,957.3206447145329
87,400.48988208269463,957.2373801691278
88,405.1467411766794,957.1866342036192
89,409.8036002706643,957.1589098279646
90,414.46045936464907,957.1353545976646
91,419.11731845863386,957.1088839702545
92,423.7741775526187,957.1113038963726
93,428.4310366466035,957.1231162656095
94,433.08789574058835,957.0630091279293
95,437.74475483457314,956.9379746934142
96,442.401613928558,956.893665737841
97,447.0584730225428,956.9780320714116
98,451.71533211652763,957.0994993532161
99,456.3721912105124,957.156520933686
100,461.0290503044972,957.1262673461124
101,465.68590939848207,957.0478537178215
102,470.342768492467,957.023926561223
103,474.99962758645177,957.1049764273635
104,479.6564866804366,957.2171891855152
105,484.3133457744214,957.2249953309654
106,488.97020486840626,957.1542539283089
107,493.62706396239105,957.0909849245617
108,498.28392305637584,957.0818957291904
109,502.9407821503607,957.1022735916711
110,507.5976412443455,957.1651410203878
111,512.2545003383303,957.21824199238
112,516.9113594323152,957.224067959793
113,521.5682185262999,957.2371486264217
114,526.2250776202848,957.3454776215108
115,530.8819367142696,957.5116376861763
116,535.5387958082543,957.6154653901733
117,540.1956549022392,957.5940249037953
118,544.852513996224,957.5237865020463
119,549.5093730902089,957.5197579115616
120,554.1662321841936,957.6100853837216
121,558.8230912781785,957.7207679897457
122,563.4799503721633,957.7559333939108
123,568.1368094661481,957.7257631598395
124,572.7936685601329,957.7002753547622
125,577.4505276541179,957.7113320618822
126,582.1073867481026,957.7028213501081
127,586.7642458420875,957.6182404504807
128,591.4211049360723,957.4945491762873
129,596.0779640300572,957.3981804469622
130,600.7348231240419,957.3579079782237
131,605.3916822180267,957.4468936394828
132,610.0485413120116,957.6533377901613
133,614.7054004059963,957.8800083500546
134,619.3622594999812,957.995196653234
135,624.019118593966,957.9703715031783
136,628.6759776879509,957.9089142568621
137,633.3328367819356,957.9117139848983
138,637.9896958759205,957.9891962368785
139,642.6465549699053,958.0887885652552
140,647.30341406389,958.16981712697
141,651.9602731578749,958.2615607410837
142,656.6171322518597,958.3879648793416
143,661.2739913458446,958.5306688324345
144,665.9308504398293,958.5919511293084
145,670.5877095338142,958.5343147469412
146,675.244568627799,958.3932921861051
147,679.9014277217839,958.2506368330053
148,684.5582868157687,958.2068681012789
149,689.2151459097536,958.2805394865724
150,693.8720050037383,958.3831102766476
151,698.5288640977232,958.4168449888975
152,703.185723191708,958.408491126004
153,707.8425822856929,958.4380475026878
154,712.4994413796776,958.4978328862528
155,717.1563004736624,958.5303151115578
156,721.8131595676473,958.497443854275
157,726.470018661632,958.4210361769328
158,731.1268777556169,958.3343358470595
159,735.7837368496017,958.3004175194857
160,740.4405959435866,958.342083541406
161,745.0974550375713,958.4325319635461
162,749.7543141315562,958.5305973834384
163,754.411173225541,958.6295209765595
164,759.0680323195257,958.7460621015149
165,763.7248914135106,958.8304388561919
166,768.3817505074954,958.8476139516424
167,773.0386096014803,958.8289921054679
168,777.695468695465,958.8463790362227
169,782.3523277894499,958.9292412882837
170,787.0091868834348,959.0388066842838
171,791.6660459774196,959.1566296690435
172,796.3229050714043,959.2726822891681
173,800.9797641653893,959.3917429524475
174,805.636623259374,959.516356032844
175,810.2934823533589,959.6249908745092
176,814.9503414473436,959.6627672697905
177,819.6072005413286,959.6100416108814
178,824.2640596353133,959.5403019098883
179,828.9209187292981,959.5216732142984
180,833.5777778232829,959.5770955649423
181,838.2346369172677,959.6979989930343
182,842.8914960112527,959.8511229379733
183,847.5483551052374,959.9383797689397
184,852.2052141992223,959.9363023313875
185,856.862073293207,959.9220281187079
186,861.518932387192,959.9715833343328
187,866.1757914811767,960.0654922215392
188,870.8326505751616,960.1458551845408
189,875.4895096691463,960.2100690459723
190,880.1463687631312,960.2628147615509
191,884.803227857116,960.3015619354421
192,889.4600869511008,960.3288697886437
193,894.1169460450856,960.3420684934752
194,898.7738051390705,960.3506836038918
195,903.4306642330553,960.388659476024
196,908.0875233270401,960.4830029380468
197,912.7443824210249,960.5921226081299
198,917.4012415150097,960.6522021666369
199,922.0581006089944,960.6540462625698
200,926.7149597029794,960.6550799329425
201,931.3718187969641,960.7051702333206
202,936.028677890949,960.7709721226373
203,940.685536984934,960.8059324355166
204,945.3423960789187,960.8434292693391
205,949.9992551729035,960.9186597871103
206,954.6561142668883,961.010130964461
207,959.3129733608732,961.0631241722626
208,963.969832454858,961.0607055848456
209,968.6266915488428,961.0570481484463
210,973.2835506428275,961.0994475005764
211,977.9404097368125,961.1711052362703
212,982.5972688307972,961.2684802062881
213,987.2541279247821,961.3839866317462
214,991.9109870187668,961.4899597773756
215,996.5678461127517,961.5602623505688
216,1001.2247052067364,961.6153603464979
217,1005.8815643007214,961.6975749920971
218,1010.5384233947061,961.8239118338506
219,1015.195282488691,961.9326488244496
220,1019.8521415826757,961.9776571669872
221,1024.5090006766607,961.9659700007278
222,1029.1658597706453,961.9640638293038
223,1033.8227188646304,961.9781786049765
224,1038.479577958615,961.9939679948214
225,1043.1364370525998,962.01386281984
226,1047.793296146585,962.0488375792283
227,1052.4501552405695,962.1148552697048
228,1057.1070143345544,962.2081791793546
229,1061.7638734285392,962.2817957919387
230,1066.420732522524,962.3344829670484
231,1071.0775916165087,962.3799900011049
232,1075.7344507104938,962.4455558645459
233,1080.3913098044784,962.5033092358988
234,1085.0481688984632,962.5573915487375
235,1089.705027992448,962.6255499755868
236,1094.361887086433,962.6744227033023
237,1099.0187461804178,962.6892971291563
238,1103.6756052744026,962.7099968390228
239,1108.3324643683873,962.8168423671466
240,1112.9893234623723,962.9788535405902
241,1117.646182556357,963.1102372035164
242,1122.3030416503418,963.1749320013937
243,1126.9599007443267,963.2256325712834
244,1131.6167598383115,963.3042851152238
245,1136.2736189322961,963.3928309090653
246,1140.9304780262812,963.493427655248
247,1145.5873371202658,963.5856667909336
248,1150.2441962142507,963.643745534104
249,1154.9010553082358,963.6365474390848
250,1159.5579144022204,963.5862729731249
251,1164.2147734962052,963.5623943242326
252,1168.87163259019,963.6129906002881
253,1173.528491684175,963.7235035024062
254,1178.1853507781598,963.8216686556311
255,1182.8422098721446,963.8760687974257
256,1187.4990689661292,963.9069323715316
257,1192.1559280601143,963.9551055416555
258,1196.812787154099,964.0284538699395
259,1201.4696462480838,964.1480997223669
260,1206.1265053420686,964.2887702011581
261,1210.7833644360535,964.3969499883519
262,1215.440223530038,964.3851573676866
263,1220.0970826240232,964.2882862538763
264,1224.7539417180078,964.2012393828317
265,1229.4108008119927,964.195497603677
266,1234.0676599059775,964.243028604113
267,1238.7245189999624,964.2888029071231
268,1243.3813780939472,964.294984990938
269,1248.038237187932,964.2503176700418
270,1252.695096281917,964.1466054796381
271,1257.3519553759018,964.0224498410153
272,1262.0088144698866,963.9423626046901
273,1266.6656735638712,963.982964038951
274,1271.3225326578563,964.1271866223819
275,1275.979391751841,964.2537978839518
276,1280.6362508458258,964.2702143217789
277,1285.2931099398106,964.2119053061397
278,1289.9499690337955,964.1586136556366
279,1294.60682812778,964.1391206137918
280,1299.2636872217652,964.1037745928113
281,1303.9205463157498,964.060937353174
282,1308.5774054097346,964.0698206035775
283,1313.2342645037195,964.163200795873
284,1317.8911235977043,964.2584359253519
285,1322.5479826916892,964.3028334997003
286,1327.204841785674,964.2959376926416
287,1331.8617008796587,964.2893456804834
288,1336.5185599736437,964.3055414459659
289,1341.1754190676284,964.3285304989977
290,1345.8322781616132,964.3276501267833
291,1350.489137255598,964.310726843221
292,1355.145996349583,964.3227675848395
293,1359.8028554435678,964.3728951244815
294,1364.4597145375526,964.4102355040154
295,1369.1165736315374,964.3792001811148
296,1373.773432725522,964.321388806936
297,1378.4302918195071,964.2792911969452
298,1383.0871509134918,964.2409209276218
299,1387.7440100074766,964.232919538026
300,1392.4008691014615,964.2897046973478
301,1397.0577281954463,964.3893801109009
302,1401.7145872894312,964.4664952059961
303,1406.371446383416,964.4927039826044
304,1411.0283054774006,964.5222965337407
305,1415.6851645713857,964.5516963391995
306,1420.3420236653703,964.5619417315185
307,1424.9988827593552,964.5823436158016
308,1429.65574185334,964.639375492271
309,1434.3126009473249,964.7290454148683
310,1438.9694600413095,964.8171424540504
311,1443.6263191352946,964.895936676957
312,1448.2831782292792,964.9689017251602
313,1452.940037323264,965.0257141444804
314,1457.596896417249,965.0791806427295
315,1462.2537555112337,965.1631962107044
316,1466.9106146052186,965.2717886995467
317,1471.5674736992034,965.3498670682703
318,1476.2243327931883,965.378517868671
319,1480.8811918871731,965.4166345426584
320,1485.538050981158,965.4860168366743
321,1490.1949100751426,965.552551084274
322,1494.8517691691277,965.5666813856626
323,1499.5086282631123,965.5379095968672
324,1504.1654873570972,965.4783996773074
325,1508.822346451082,965.4158656456119
326,1513.4792055450669,965.4226335732708
327,1518.1360646390515,965.5100101162661
328,1522.7929237330366,965.5965759147061
329,1527.4497828270212,965.6232619587979
330,1532.106641921006,965.6076943406074
331,1536.7635010149909,965.5916678882537
332,1541.4203601089757,965.6103300371117
333,1546.0772192029606,965.6750793352546
334,1550.7340782969454,965.7835096627863
335,1555.39093739093,965.9202059898591
336,1560.0477964849151,966.0418910858341
337,1564.7046555788997,966.1336448747945
338,1569.3615146728846,966.2118034989867
339,1574.0183737668697,966.3151466945201
340,1578.6752328608543,966.4360302995824
341,1583.3320919548391,966.5203581779169
342,1587.988951048824,966.5427731004581
343,1592.6458101428086,966.5064115458313
344,1597.3026692367937,966.4276063736863
345,1601.9595283307785,966.3153236502953
346,1606.6163874247632,966.2102791037564
347,1611.273246518748,966.1287791193554
348,1615.930105612733,966.0695048616767
349,1620.5869647067177,966.0068417045723
350,1625.2438238007026,965.9405865630973
351,1629.9006828946872,965.875393462795
352,1634.5575419886723,965.8209225086816
353,1639.214401082657,965.7752982472645
354,1643.8712601766417,965.7318270443883
355,1648.5281192706266,965.6710067718307
356,1653.1849783646117,965.603453706356
357,1657.8418374585963,965.5650076090208
358,1662.4986965525811,965.5878273364149
359,1667.1555556465657,965.6511814958251
360,1671.8124147405508,965.7313356260371
361,1676.4692738345354,965.7706002674119
362,1681.1261329285203,965.7200287068392
363,1685.7829920225054,965.5670430414864
364,1690.43985111649,965.4152156074474
365,1695.0967102104748,965.3430188673674
366,1699.7535693044595,965.3232383916784
367,1704.4104283984445,965.2910962035021
368,1709.0672874924294,965.2950228547257
369,1713.724146586414,965.3992747087348
370,1718.3810056803989,965.552110350274
371,1723.037864774384,965.6272000391732
372,1727.6947238683686,965.5407037928126
373,1732.3515829623534,965.3781501213697
374,1737.008442056338,965.2566036530318
375,1741.665301150323,965.241860543636
376,1746.322160244308,965.2740391940729
377,1750.9790193382926,965.287148555919
378,1755.6358784322774,965.290685726345
379,1760.2927375262625,965.3134101760938
380,1764.9495966202471,965.3564981480066
381,1769.606455714232,965.334142654325
382,1774.263314808217,965.2492602321838
383,1778.9201739022017,965.1847874389799
384,1783.5770329961865,965.2154315940353
385,1788.2338920901711,965.3103439679794
386,1792.8907511841562,965.3843684664455
387,1797.547610278141,965.3928875222437
388,1802.2044693721257,965.3335951815689
389,1806.8613284661105,965.2094119121892
390,1811.5181875600956,965.0326854077243
391,1816.1750466540802,964.8695968992491
392,1820.8319057480649,964.7599218877473
393,1825.4887648420497,964.6859947233261
394,1830.1456239360348,964.614727122664
395,1834.8024830300194,964.5426820555531
396,1839.4593421240043,964.4619484138843
397,1844.1162012179889,964.3736258875422
398,1848.773060311974,964.2955666743765
399,1853.4299194059588,964.2741576379817
400,1858.0867784999434,964.28125
401,1862.7436375939283,964.2548299643822
402,1867.4004966879133,964.1672182256552
403,1872.057355781898,964.0438327804623
404,1876.7142148758828,963.9064949767076
405,1881.371073969868,963.7418152937319
406,1886.0279330638525,963.5423238830717
407,1890.6847921578374,963.363165409332
408,1895.341651251822,963.2701082643755
409,1899.998510345807,963.2244854093356
410,1904.655369439792,963.1540993474819
411,1909.3122285337765,963.0344248420126
412,1913.9690876277614,962.9012856804093
413,1918.6259467217465,962.7759432925866
414,1923.282805815731,962.6532737306243
415,1927.939664909716,962.5176515208669
416,1932.5965240037006,962.3822018112496
417,1937.2533830976856,962.2621964269729
418,1941.9102421916705,962.1293448099233
419,1946.567101285655,961.9838700569303
420,1951.22396037964,961.8684991354719
421,1955.880819473625,961.79132844093
422,1960.5376785676096,961.7104307895352
423,1965.1945376615945,961.5720977166513
424,1969.8513967555791,961.3676575592353
425,1974.5082558495642,961.1148255434391
426,1979.1651149435488,960.845234070799
427,1983.8219740375337,960.6496621370607
428,1988.4788331315187,960.5818661473877
429,1993.1356922255034,960.5726151577933
430,1997.7925513194882,960.5170547605965
431,2002.4494104134728,960.3995227449561
432,2007.106269507458,960.2661159049954
433,2011.7631286014428,960.1754009996948
434,2016.4199876954274,960.1715056281843
435,2021.0768467894122,960.1829254279844
436,2025.7337058833973,960.0711535486075
437,2030.390564977382,959.8053165598508
438,2035.0474240713668,959.5631446337162
439,2039.7042831653514,959.4826406641359
440,2044.3611422593365,959.5097492196019
441,2049.0180013533213,959.5203104596936
442,2053.674860447306,959.4890585551746
443,2058.3317195412906,959.4240346726951
444,2062.9885786352756,959.3171937508077
445,2067.6454377292607,959.1800429090847
446,2072.3022968232453,959.0809009161694
447,2076.95915591723,959.035623140302
448,2081.616015011215,958.98962519466
449,2086.2728741051997,958.8699070624107
450,2090.9297331991847,958.6923054426959
451,2095.58659229317,958.5205547533219
452,2100.2434513871544,958.4278660552777
453,2104.900310481139,958.4084090188043
454,2109.5571695751237,958.4174542383753
455,2114.2140286691088,958.3773480730645
456,2118.870887763094,958.2693174700089
457,2123.5277468570785,958.1122717030548
458,2128.184605951063,957.9793679880656
459,2132.841465045048,957.8797559013956
460,2137.498324139033,957.7711943307106
461,2142.1551832330174,957.6081343692326
462,2146.8120423270025,957.430066893364
463,2151.4689014209875,957.3089546284999
464,2156.125760514972,957.2333126811565
465,2160.782619608957,957.1275660567396
466,2165.4394787029414,956.9562465534906
467,2170.0963377969265,956.7619428794729
468,2174.7531968909116,956.5734160733659
469,2179.410055984896,956.4085776499638
470,2184.066915078881,956.2929025388728
471,2188.723774172866,956.2315055184717
472,2193.3806332668505,956.1618744756561
473,2198.0374923608356,956.0174009321127
474,2202.6943514548207,955.8369254020008
475,2207.3512105488053,955.7199968699139
476,2212.00806964279,955.6671734561398
477,2216.6649287367745,955.590733247067
478,2221.3217878307596,955.4283437877875
479,2225.9786469247447,955.2031634625519
480,2230.6355060187293,954.9909762058351
481,2235.292365112714,954.7908822490837
482,2239.949224206699,954.561231593201
483,2244.6060833006836,954.3066168310652
484,2249.2629423946687,954.057530755088
485,2253.9198014886533,953.7757370659451
486,2258.5766605826384,953.4458817671957
487,2263.233519676623,953.1026664351872
488,2267.8903787706076,952.8268078546996
489,2272.5472378645923,952.6444449025926
490,2277.204096958578,952.5225443848985
491,2281.8609560525624,952.3960496926306
492,2286.517815146547,952.2167941012895
493,2291.1746742405317,951.9686397714055
494,2295.8315333345167,951.6894990061209
495,2300.4883924285014,951.3987676023111
496,2305.1452515224864,951.1375354564218
497,2309.8021106164715,950.9328302057509
498,2314.458969710456,950.7917249670861
499,2319.1158288044408,950.692402269846
500,2323.7726878984254,950.5846457318929
501,2328.4295469924105,950.4305091640903
502,2333.0864060863955,950.2201765639498
503,2337.74326518038,950.0075208184194
504,2342.4001242743648,949.8090248276852
505,2347.05698336835,949.5993219205818
506,2351.7138424623345,949.3370453449525
507,2356.3707015563195,949.0758254168799
508,2361.027560650304,948.8805839926966
509,2365.6844197442892,948.7861821322617
510,2370.341278838274,948.7335439317376
511,2374.9981379322585,948.6615671345094
512,2379.6549970262436,948.5579434946143
513,2384.3118561202286,948.4418231591587
514,2388.9687152142133,948.3407950314972
515,2393.625574308198,948.2381961730166
516,2398.2824334021825,948.1069273584773
517,2402.9392924961676,947.9559987511359
518,2407.5961515901527,947.8076319262934
519,2412.2530106841373,947.6768590433651
520,2416.9098697781224,947.5802120806275
521,2421.566728872107,947.5209754718842
522,2426.2235879660916,947.4358326684899
523,2430.880447060076,947.3106725884809
524,2435.5373061540613,947.1923604554179
525,2440.1941652480464,947.1131932534935
526,2444.851024342031,947.0255881256593
527,2449.5078834360156,946.9067368889786
528,2454.1647425300007,946.7733248719844
529,2458.8216016239853,946.6666217828799
530,2463.4784607179704,946.5925309645336
531,2468.135319811955,946.5466785223703
532,2472.79217890594,946.5008260752643
533,2477.4490379999247,946.4471611232198
534,2482.1058970939093,946.4032412006359
535,2486.7627561878944,946.4156904459544
536,2491.4196152818795,946.4951550289285
537,2496.076474375864,946.6134619281964
538,2500.7333334698487,946.7284431818753
539,2505.390192563834,946.8085412167782
540,2510.0470516578184,946.8508676727334
541,2514.7039107518035,946.8429235586174
542,2519.360769845788,946.8040256486051
543,2524.017628939773,946.7548241872248
544,2528.674488033758,946.7376658692906
545,2533.3313471277424,946.8044070823853
546,2537.9882062217275,946.9500394031138
547,2542.6450653157126,947.0236844687272
548,2547.301924409697,946.8765103188794
549,2551.958783503682,946.5570033299659
550,2556.6156425976665,946.336709608695
551,2561.2725016916515,946.370860695587
552,2565.9293607856366,946.5737940267443
553,2570.5862198796212,946.7616374269469
554,2575.243078973606,946.8460540765891
555,2579.899938067591,946.8442124802224
556,2584.5567971615756,946.7823909847084
557,2589.21365625556,946.6924755545391
558,2593.8705153495453,946.6547535935265
559,2598.5273744435303,946.7006775265945
560,2603.184233537515,946.7945942505198
561,2607.8410926314996,946.8928870862762
562,2612.4979517254847,946.9500785170433
563,2617.1548108194693,946.9387727664873
564,2621.8116699134544,946.8772050422948
565,2626.468529007439,946.8367126173866
566,2631.125388101424,946.8364223320522
567,2635.7822471954087,946.8135761275885
568,2640.4391062893933,946.7457508172922
569,2645.0959653833784,946.6750417044565
570,2649.7528244773634,946.6456456192443
571,2654.409683571348,946.6255455078021
572,2659.0665426653327,946.6033798798253
573,2663.7234017593173,946.625459163377
574,2668.3802608533024,946.6973249035577
575,2673.0371199472875,946.7696660591475
576,2677.693979041272,946.7731375508264
577,2682.3508381352567,946.716222505653
578,2687.007697229242,946.7111784846612
579,2691.6645563232264,946.7797568953056
580,2696.3214154172115,946.8218537336211
581,2700.978274511196,946.7643867681908
582,2705.635133605181,946.6853994074656
583,2710.291992699166,946.6892034034463
584,2714.9488517931504,946.7756389680175
585,2719.6057108871355,946.8807462268335
586,2724.2625699811206,946.9426436188036
587,2728.919429075105,946.9332392575811
588,2733.57628816909,946.8757444800684
589,2738.233147263075,946.8411840891306
590,2742.8900063570595,946.8550360296738
591,2747.546865451044,946.8480569721069
592,2752.203724545029,946.8124887556462
593,2756.8605836390143,946.8068538480279
594,2761.517442732999,946.8964421804819
595,2766.1743018269835,947.0081103895935
596,2770.831160920968,946.9795381299019
597,2775.4880200149532,946.7834946313532
598,2780.1448791089383,946.5928687874186
599,2784.801738202923,946.5388353366988
600,2789.4585972969076,946.6200336939125
601,2794.1154563908926,946.7364815480394
602,2798.7723154848773,946.8576522957295
603,2803.4291745788623,946.960284647852
604,2808.086033672847,946.9944555170762
605,2812.742892766832,946.965593819934
606,2817.3997518608167,946.9527745199246
607,2822.0566109548013,946.9915502769644
608,2826.7134700487863,946.9857815975265
609,2831.3703291427714,946.8739240880677
610,2836.027188236756,946.7847894300289
611,2840.6840473307407,946.8242015452748
612,2845.3409064247257,946.9434260869109
613,2849.9977655187104,947.0118148479094
614,2854.6546246126954,946.979775004324
615,2859.31148370668,946.8941744482914
616,2863.968342800665,946.8191626146177
617,2868.6252018946498,946.7869684012232
618,2873.2820609886344,946.8010051619697
619,2877.938920082619,946.830919629105
620,2882.5957791766045,946.8912454485951
621,2887.252638270589,946.9872316390494
622,2891.909497364574,947.0672723665743
623,2896.5663564585584,947.0789272238694
624,2901.2232155525435,947.041572619263
625,2905.880074646528,947.0170076801123
626,2910.536933740513,947.0654789464551
627,2915.193792834498,947.2277885725707
628,2919.850651928483,947.4559931148483
629,2924.5075110224675,947.6366632540534
630,2929.164370116452,947.7231394112066
631,2933.821229210437,947.7342735501443
632,2938.4780883044223,947.7322816405521
633,2943.134947398407,947.7704019965072
634,2947.7918064923915,947.899720477087
635,2952.4486655863766,948.086453334905
636,2957.105524680361,948.2325976111533
637,2961.7623837743463,948.2984935501695
638,2966.419242868331,948.3606063677638
639,2971.076101962316,948.447262467611
640,2975.7329610563006,948.5152651681028
641,2980.3898201502852,948.56382567741
642,2985.0466792442703,948.6565911303495
643,2989.7035383382554,948.8358574868979
644,2994.36039743224,949.0441658412033
645,2999.0172565262246,949.2084354636173
646,3003.6741156202092,949.2857816948742
647,3008.3309747141943,949.3282860754297
648,3012.9878338081794,949.3817453397795
649,3017.644692902164,949.4398269680439
650,3022.3015519961486,949.4726107415696
651,3026.9584110901337,949.5491118142409
652,3031.6152701841183,949.7159613420799
653,3036.272129278103,949.9367846816117
654,3040.928988372088,950.1192844689597
655,3045.585847466073,950.2473864599747
656,3050.2427065600577,950.3648380285581
657,3054.8995656540424,950.46792405468
658,3059.5564247480274,950.5716074917138
659,3064.213283842012,950.7178570955032
660,3068.870142935997,950.924023148925
661,3073.5270020299818,951.1095937312119
662,3078.183861123967,951.2204633960683
663,3082.8407202179515,951.2525409091572
664,3087.497579311936,951.2466528805271
665,3092.154438405921,951.2846413442275
666,3096.8112974999062,951.4434957713638
667,3101.468156593891,951.6949188532126
668,3106.1250156878755,951.9008062462389
669,3110.78187478186,952.0243628586184
670,3115.438733875845,952.163005230843
671,3120.0955929698302,952.3506110497983
672,3124.752452063815,952.5197181794465
673,3129.4093111577995,952.6261384679806
674,3134.0661702517846,952.7008930382221
675,3138.723029345769,952.7905765898013
676,3143.3798884397543,952.8912697948035
677,3148.0367475337393,952.993840651246
678,3152.693606627724,953.1144696829542
679,3157.3504657217086,953.2530184457755
680,3162.007324815693,953.4084939594597
681,3166.6641839096783,953.6073546274656
682,3171.3210430036634,953.8585388211826
683,3175.977902097648,954.082715793425
684,3180.6347611916326,954.2132028646528
685,3185.2916202856172,954.2836285873586
686,3189.9484793796023,954.3787919818192
687,3194.6053384735874,954.523084716546
688,3199.262197567572,954.6536180084604
689,3203.919056661557,954.7850301499345
690,3208.5759157555412,954.9688483213107
691,3213.2327748495263,955.2372349344818
692,3217.8896339435114,955.5245943997967
693,3222.546493037496,955.6954224128606
694,3227.203352131481,955.6806933955847
695,3231.860211225466,955.582666211804
696,3236.5170703194503,955.5887201128669
697,3241.1739294134354,955.7742315466112
698,3245.8307885074205,956.0624627240626
699,3250.487647601405,956.2888741016093
700,3255.14450669539,956.3743304477803
701,3259.8013657893744,956.3422421672317
702,3264.4582248833594,956.3057292835168
703,3269.1150839773445,956.3650919229831
704,3273.771943071329,956.5421802651508
705,3278.428802165314,956.7224651519858
706,3283.0856612592993,956.8822711526975
707,3287.7425203532835,957.0945993651148
708,3292.3993794472685,957.346230270646
709,3297.056238541253,957.5483501121907
710,3301.7130976352382,957.6918058528149
711,3306.3699567292233,957.883849650116
712,3311.0268158232075,958.1473803936937
713,3315.6836749171925,958.3707790061841
714,3320.3405340111776,958.4742698327409
715,3324.9973931051622,958.5317752719693
716,3329.6542521991473,958.6164023919343
717,3334.3111112931315,958.7071496067897
718,3338.9679703871166,958.7720121699532
719,3343.6248294811016,958.8825042755589
720,3348.281688575086,959.077246253354
721,3352.938547669071,959.3031955727953
722,3357.595406763056,959.4880565494097
723,3362.2522658570406,959.6422742300543
724,3366.9091249510257,959.8248245335966
725,3371.5659840450107,960.0316013354957
726,3376.222843138995,960.182571150407
727,3380.87970223298,960.2391238574099
728,3385.5365613269646,960.2898053370545
729,3390.1934204209497,960.431591031905
730,3394.8502795149348,960.630304367745
731,3399.507138608919,960.8081696970404
732,3404.163997702904,960.9691980888992
733,3408.820856796889,961.1608954695813
734,3413.4777158908737,961.3678405465666
735,3418.134574984859,961.5440011559713
736,3422.791434078843,961.6790902971104
737,3427.448293172828,961.7783695905198
738,3432.105152266813,961.8257296925165
739,3436.7620113607977,961.8809844016369
740,3441.418870454783,962.0332382364008
741,3446.075729548768,962.3128180450374
742,3450.732588642752,962.6678021018859
743,3455.389447736737,962.9579050734959
744,3460.046306830722,963.0638094060732
745,3464.703165924707,962.9525705059609
746,3469.360025018692,962.7947670207807
747,3474.016884112676,962.7926825718378
748,3478.673743206661,962.9856010152098
749,3483.330602300646,963.2332785580265
750,3487.987461394631,963.375433777351
751,3492.644320488616,963.4259580596952
752,3497.301179582601,963.5036377421367
753,3501.958038676585,963.6954759646203
754,3506.61489777057,963.9259394508532
755,3511.271756864555,964.0971556458373
756,3515.92861595854,964.2121411057002
757,3520.585475052525,964.3332206884189
758,3525.242334146509,964.4630012844888
759,3529.8991932404942,964.5962517809812
760,3534.5560523344793,964.7421426957362
761,3539.212911428464,964.8972811656128
762,3543.869770522449,965.0157124869868
763,3548.526629616434,965.0753599156933
764,3553.1834887104183,965.116377006641
765,3557.8403478044033,965.1768375689016
766,3562.497206898388,965.2778357652455
767,3567.154065992373,965.4164480200532
768,3571.810925086358,965.5286675850003
769,3576.4677841803423,965.6056657501451
770,3581.1246432743274,965.7143917867629
771,3585.7815023683124,965.9052244000338
772,3590.438361462297,966.124190748241
773,3595.095220556282,966.3021479687063
774,3599.7520796502663,966.4169540475109
775,3604.4089387442514,966.4955670678717
776,3609.0657978382364,966.5704756297732
777,3613.722656932221,966.6783860702137
778,3618.379516026206,966.7629248087669
779,3623.036375120191,966.8071205588492
780,3627.6932342141754,966.8625945305662
781,3632.3500933081605,967.0165851026766
782,3637.0069524021446,967.2534830689682
783,3641.6638114961297,967.4519571666957
784,3646.320670590115,967.549881033767
785,3650.9775296840994,967.5908202936128
786,3655.6343887780845,967.6406510972831
787,3660.2912478720696,967.7417988968339
788,3664.9481069660537,967.8752851693737
789,3669.604966060039,968.0330151522667
790,3674.261825154024,968.2055222786181
791,3678.9186842480085,968.3584011594974
792,3683.5755433419936,968.4910714136555
793,3688.2324024359777,968.6331280259424
794,3692.889261529963,968.8098900960963
795,3697.546120623948,968.9825008227771
796,3702.2029797179325,969.0981113608
797,3706.8598388119176,969.1629481441888
798,3711.5166979059027,969.2273895705507
799,3716.173556999887,969.3228876657813
800,3720.830416093872,969.423389563583
801,3725.4872751878565,969.489993897173
802,3730.1441342818416,969.5525410731586
803,3734.8009933758267,969.6217932040956
804,3739.457852469811,969.695998961757
805,3744.114711563796,969.7573478603573
806,3748.771570657781,969.834817808596
807,3753.4284297517656,969.936119279975
808,3758.0852888457507,970.0403085591201
809,3762.742147939736,970.1446258880615
810,3767.39900703372,970.3003056469688
811,3772.055866127705,970.5191412553168
812,3776.7127252216897,970.7114938008408
813,3781.3695843156747,970.8215819881685
814,3786.02644340966,970.8898171806687
815,3790.683302503644,970.961916041304
816,3795.340161597629,971.0056674514465
817,3799.997020691614,970.9982622844361
818,3804.6538797855987,971.0371768613743
819,3809.310738879584,971.1798596391
820,3813.967597973568,971.363954292852
821,3818.624457067553,971.5402364710108
822,3823.281316161538,971.7334785720162
823,3827.9381752555228,971.9389944647153
824,3832.595034349508,972.0702834555921
825,3837.251893443493,972.091500026684
826,3841.908752537477,972.0270967953252
827,3846.565611631462,971.9666355079876
828,3851.222470725447,971.9796738031174
829,3855.879329819432,972.1007398355864
830,3860.536188913417,972.2609022672717
831,3865.193048007401,972.3719521136584
832,3869.849907101386,972.4223814355398
833,3874.5067661953713,972.453012547086
834,3879.163625289356,972.4866906621453
835,3883.820484383341,972.5401432178319
836,3888.477343477326,972.6328376693898
837,3893.13420257131,972.7501996999483
838,3897.7910616652953,972.8562494651206
839,3902.44792075928,972.9404501988793
840,3907.104779853265,973.0389376437867
841,3911.76163894725,973.1186441297342
842,3916.418498041234,973.1607520784509
843,3921.0753571352193,973.2077113318294
844,3925.7322162292044,973.313174597114
845,3930.389075323189,973.4580809564281
846,3935.045934417174,973.6037113880851
847,3939.7027935111582,973.7483091825563
848,3944.3596526051433,973.8714879424485
849,3949.0165116991284,973.9409727153284
850,3953.6733707931126,973.9891525651702
851,3958.3302298870976,974.078529583451
852,3962.9870889810827,974.1726932271877
853,3967.6439480750673,974.2376521424344
854,3972.3008071690524,974.3176411405019
855,3976.9576662630375,974.4693617793813
856,3981.6145253570216,974.6170994483509
857,3986.2713844510067,974.6888046240557
858,3990.9282435449913,974.7114709714513
859,3995.5851026389764,974.7445154011644
860,4000.2419617329615,974.7656185005528
861,4004.8988208269457,974.7444660587677
862,4009.5556799209307,974.7450601941819
863,4014.212539014916,974.8210107880044
864,4018.8693981089004,974.9423611939632
865,4023.5262572028855,975.0105711032421
866,4028.1831162968697,975.0443860044859
867,4032.8399753908548,975.1324565208868
868,4037.49683448484,975.2985615809284
869,4042.1536935788245,975.4605365755297
870,4046.8105526728095,975.5242540349493
871,4051.4674117667946,975.5247107809321
872,4056.124270860779,975.5155633349938
873,4060.781129954764,975.5564571775278
874,4065.4379890487485,975.6701648425781
875,4070.0948481427336,975.8302462146081
876,4074.7517072367186,975.9575737641203
877,4079.408566330703,976.0366973100911
878,4084.065425424688,976.1065059389225
879,4088.722284518673,976.1680837124641
880,4093.3791436126576,976.2127366616312
881,4098.036002706643,976.267704380706
882,4102.692861800628,976.3752578985652
883,4107.349720894612,976.5188287546093
884,4112.006579988597,976.6326485688385
885,4116.663439082581,976.6584233851274
886,4121.320298176566,976.6508496882707
887,4125.977157270551,976.6719898155803
888,4130.634016364536,976.7596140014837
889,4135.290875458521,976.8538849602373
890,4139.9477345525065,976.8877607210231
891,4144.604593646491,976.8616785454734
892,4149.261452740476,976.8433195629948
893,4153.91831183446,976.8829621654456
894,4158.575170928445,976.9988814132315
895,4163.23203002243,977.1797259532541
896,4167.888889116414,977.3713498725781
897,4172.545748210399,977.4780671656617
898,4177.202607304384,977.5016275889925
899,4181.8594663983695,977.5131115216327
900,4186.516325492355,977.5683394625361
901,4191.17318458634,977.6333235217226
902,4195.830043680324,977.7056767034852
903,4200.486902774309,977.8199344906179
904,4205.143761868293,977.9809336570233
905,4209.800620962278,978.1129226711345
906,4214.457480056263,978.1833840424317
907,4219.114339150247,978.2314140890743
908,4223.771198244232,978.2846314712845
909,4228.4280573382175,978.3208064181225
910,4233.084916432203,978.3616360255828
911,4237.741775526188,978.434756232722
912,4242.398634620172,978.5384453088013
913,4247.055493714157,978.6651727172001
914,4251.712352808142,978.7751410335579
915,4256.369211902126,978.8385591121844
916,4261.026070996111,978.8568826690658
917,4265.682930090096,978.879995375622
918,4270.3397891840805,978.9062206495985
919,4274.996648278066,978.8998037307647
920,4279.653507372051,978.8719665906
921,4284.310366466035,978.906247311359
922,4288.96722556002,979.0079989144724
923,4293.624084654005,979.0767601039533
924,4298.28094374799,979.0095914350256
925,4302.937802841975,978.9044874906593
926,4307.594661935959,978.9167583901339
927,4312.251521029944,979.0799153548403
928,4316.908380123929,979.2745280404554
929,4321.565239217914,979.402247304789
930,4326.222098311899,979.4844028049195
931,4330.878957405883,979.5438867120802
932,4335.535816499868,979.589238893288
933,4340.192675593853,979.6378598927749
934,4344.849534687838,979.7220639978892
935,4349.506393781823,979.8522507603193
936,4354.163252875808,980.0090501936127
937,4358.820111969792,980.1440478744179
938,4363.4769710637775,980.1962127633703
939,4368.133830157762,980.1744075956267
940,4372.790689251747,980.1490474681511
941,4377.447548345732,980.2094031631864
942,4382.104407439716,980.3737673101253
943,4386.761266533701,980.5792946613674
944,4391.418125627686,980.6800030943887
945,4396.074984721671,980.5990627863566
946,4400.731843815656,980.4211345181851
947,4405.388702909641,980.3240046943858
948,4410.0455620036255,980.3740705748614
949,4414.702421097611,980.4822438253731
950,4419.359280191595,980.5772088536482
951,4424.01613928558,980.6381533512333
952,4428.672998379565,980.6830196008298
953,4433.329857473549,980.7280843703634
954,4437.986716567534,980.781197206074
955,4442.643575661519,980.8417867060646
956,4447.300434755504,980.8819858590701
957,4451.957293849489,980.8877756717304
958,4456.6141529434735,980.855807848245
959,4461.271012037459,980.803732457864
960,4465.927871131444,980.7686475029011
961,4470.584730225428,980.7966954471916
962,4475.241589319413,980.8813409995477
963,4479.898448413398,980.98851359674
964,4484.555307507382,981.077045153518
965,4489.212166601367,981.1055195333697
966,4493.869025695352,981.0885657625331
967,4498.525884789337,981.0598011480388
968,4503.1827438833225,981.0266257894027
969,4507.839602977307,980.9889067199751
970,4512.496462071292,980.958162083997
971,4517.153321165277,980.99562278978
972,4521.810180259261,981.1013001379124
973,4526.467039353246,981.178475882534
974,4531.123898447231,981.1478879078695
975,4535.780757541215,981.0621566330774
976,4540.4376166352,981.0077692135911
977,4545.0944757291845,980.9980841841632
978,4549.75133482317,981.003227045147
979,4554.408193917156,981.0181386498255
980,4559.06505301114,981.0457559123449
981,4563.721912105125,981.0570052885042
982,4568.37877119911,981.0234855683351
983,4573.035630293094,980.9962600878233
984,4577.692489387079,981.041719352876
985,4582.349348481063,981.163952936443
986,4587.006207575048,981.2931585510623
987,4591.6630666690335,981.3773919280429
988,4596.319925763018,981.40625
989,4600.976784857003,981.391506945216
990,4605.633643950988,981.3532849207934
991,4610.290503044973,981.3099616184098
992,4614.947362138958,981.2627545076193
993,4619.604221232943,981.2237954568566
994,4624.261080326927,981.2553354894677
995,4628.917939420912,981.3773260820146
996,4633.574798514896,981.4696759427866
997,4638.2316576088815,981.4471765501266
998,4642.888516702867,981.3562374883459
999,4647.545375796851,981.2819164215202
1000,4652.202234890836,981.2311916169658
1001,4656.859093984821,981.1886554445186
1002,4661.515953078806,981.1988270180972
1003,4666.172812172791,981.2602879511685
1004,4670.829671266775,981.275359334704
1005,4675.48653036076,981.2035399535766
1006,4680.143389454745,981.1070449307881
1007,4684.8002485487295,981.0508004800222
1008,4689.457107642715,981.0402339522673
1009,4694.1139667367,981.0624953770339
1010,4698.770825830684,981.0964165752905
1011,4703.427684924669,981.1150107265453
1012,4708.084544018654,981.0978234331754
1013,4712.741403112639,981.0773255887266
1014,4717.398262206624,981.0973855372522
1015,4722.055121300608,981.1243873179894
1016,4726.711980394593,981.089349977879
1017,4731.3688394885785,980.992534873617
1018,4736.025698582563,980.8782894028383
1019,4740.682557676548,980.7798238493308
1020,4745.339416770533,980.6903560673768
1021,4749.996275864517,980.6043755508747
1022,4754.653134958502,980.5343932873197
1023,4759.309994052487,980.4938935866556
1024,4763.966853146472,980.4823005828362
1025,4768.623712240457,980.4762608620508
1026,4773.280571334441,980.4449294460699
1027,4777.9374304284265,980.3845136274124
1028,4782.594289522412,980.3530804012585
1029,4787.251148616396,980.3659386450186
1030,4791.908007710381,980.3661592512509
1031,4796.564866804365,980.3025017556281
1032,4801.22172589835,980.2215082471947
1033,4805.878584992335,980.223685374717
1034,4810.53544408632,980.3285869459279
1035,4815.192303180305,980.4699634607164
1036,4819.84916227429,980.5087965988082
1037,4824.506021368275,980.3628000909339
1038,4829.16288046226,980.0932699646992
1039,4833.819739556245,979.8715129011189
1040,4838.476598650229,979.7956106503057
1041,4843.133457744214,979.8080455271646
1042,4847.790316838198,979.806068588449
1043,4852.447175932183,979.7800536715602
1044,4857.104035026168,979.7578678583209
1045,4861.760894120152,979.7446971118916
1046,4866.4177532141375,979.7028870520644
1047,4871.074612308123,979.6380669827862
1048,4875.731471402108,979.5592816182877
1049,4880.388330496093,979.4733926693416
1050,4885.045189590077,979.3686744298969
1051,4889.702048684062,979.2789716256682
1052,4894.358907778047,979.2244986552505
1053,4899.015766872031,979.2014901175191
1054,4903.672625966016,979.1277413600947
1055,4908.329485060001,978.9763381806646
1056,4912.986344153986,978.8268084148219
1057,4917.643203247971,978.8029471307782
1058,4922.300062341956,978.8545176124387
1059,4926.956921435941,978.8410286470718
1060,4931.613780529926,978.7217490921399
1061,4936.27063962391,978.6341425434657
1062,4940.927498717895,978.6514063917994
1063,4945.58435781188,978.7034565768438
1064,4950.241216905864,978.6960768996427
1065,4954.898075999849,978.6135024001942
1066,4959.5549350938345,978.511352038493
1067,4964.211794187819,978.4601133175598
1068,4968.868653281804,978.4469830466946
1069,4973.525512375789,978.4312532084746
1070,4978.182371469774,978.3804398559187
1071,4982.839230563759,978.3267538297346
1072,4987.496089657743,978.3103427889664
1073,4992.152948751728,978.3423674050036
1074,4996.809807845713,978.3891123872394
1075,5001.4666669396975,978.3723600013061
1076,5006.1235260336825,978.2861729693757
1077,5010.780385127668,978.162022767137
1078,5015.437244221652,978.0113656127386
1079,5020.094103315637,977.871708542354
1080,5024.750962409622,977.8136700549676
1081,5029.407821503607,977.8832778038065
1082,5034.064680597592,978.0053419257026
1083,5038.721539691576,978.0633447617599
1084,5043.378398785561,978.0464480443566
1085,5048.035257879546,978.0134888784307
1086,5052.692116973531,977.9992087868243
1087,5057.348976067516,977.9941545683773
1088,5062.0058351615,977.9577353692979
1089,5066.662694255485,977.8991276822024
1090,5071.31955334947,977.8255214452267
1091,5075.976412443455,977.7305205847342
1092,5080.63327153744,977.6264510365277
1093,5085.290130631425,977.5650963109106
1094,5089.946989725409,977.575416211312
1095,5094.603848819394,977.6118821985137
1096,5099.260707913379,977.6129850670802
1097,5103.917567007364,977.5328573026263
1098,5108.574426101349,977.3858183465957
1099,5113.231285195333,977.2157101514392
1100,5117.888144289318,977.0707557374014
1101,5122.545003383303,977.0103512214521
1102,5127.201862477288,977.0017146059922
1103,5131.858721571273,976.9581993827197
1104,5136.515580665258,976.810475763025
1105,5141.1724397592425,976.5996849357866
1106,5145.829298853228,976.4135430543686
1107,5150.486157947212,976.2831606174849
1108,5155.143017041197,976.1762307707831
1109,5159.799876135182,976.0894251989645
1110,5164.456735229166,976.0504912436737
1111,5169.113594323151,976.0637282561372
1112,5173.770453417136,976.1367995177568
1113,5178.42731251112,976.2517853492845
1114,5183.084171605105,976.3135030835597
1115,5187.7410306990905,976.2170678446714
1116,5192.397889793076,976.0454031058171
1117,5197.054748887061,975.9510087945418
1118,5201.711607981045,975.9459019485003
1119,5206.36846707503,975.9199890559321
1120,5211.025326169015,975.816135543675
1121,5215.682185262999,975.6574012109813
1122,5220.339044356984,975.4811994027586
1123,5224.995903450969,975.311160015423
1124,5229.6527625449535,975.1973268025754
1125,5234.309621638939,975.152350806477
1126,5238.966480732924,975.1121315366502
1127,5243.623339826909,975.045242815941
1128,5248.280198920894,974.9439589507683
1129,5252.937058014878,974.8165328917858
1130,5257.593917108863,974.7081834902544
1131,5262.250776202848,974.6416227055884
1132,5266.907635296832,974.6111200345636
1133,5271.564494390817,974.6100035154648
1134,5276.2213534848015,974.6052930157366
1135,5280.878212578787,974.5540576772908
1136,5285.535071672772,974.4348015221301
1137,5290.191930766757,974.3282720226206
1138,5294.848789860742,974.245308686295
1139,5299.505648954727,974.1394049785627
1140,5304.162508048711,973.997747624288
1141,5308.819367142696,973.8916498506619
1142,5313.47622623668,973.853294901634
1143,5318.133085330665,973.8093914689657
1144,5322.7899444246505,973.7350922119402
1145,5327.446803518635,973.7072042587586
1146,5332.10366261262,973.760702772518
1147,5336.760521706605,973.8303893803356
1148,5341.41738080059,973.8487969181073
1149,5346.074239894575,973.8184827412315
1150,5350.73109898856,973.7712505791737
1151,5355.387958082544,973.7141182460335
1152,5360.044817176529,973.6437630676807
1153,5364.701676270513,973.5803888714396
1154,5369.3585353644985,973.5393661922185
1155,5374.015394458484,973.5198515990105
1156,5378.672253552468,973.4923392605442
1157,5383.329112646453,973.478588469768
1158,5387.985971740438,973.5147830211172
1159,5392.642830834423,973.5843519239804
1160,5397.299689928408,973.6808037487708
1161,5401.956549022392,973.7839649796158
1162,5406.613408116377,973.8663110054143
1163,5411.270267210362,973.9190878973856
1164,5415.9271263043465,973.968639829019
1165,5420.583985398332,974.027783443152
1166,5425.240844492317,974.0222562563898
1167,5429.897703586301,973.9417462513762
1168,5434.554562680286,973.8373179704347
1169,5439.211421774271,973.7416627602477
1170,5443.868280868256,973.663376198428
1171,5448.525139962241,973.6261053055441
1172,5453.181999056225,973.625
1173,5457.83885815021,973.625
1174,5462.4957172441955,973.6035790517963
1175,5467.15257633818,973.5559870448924
1176,5471.809435432165,973.4756625176592
1177,5476.46629452615,973.4282452967108
1178,5481.123153620134,973.4676627059952
1179,5485.780012714119,973.5219913189724
1180,5490.436871808103,973.4717756681521
1181,5495.093730902088,973.319116650639
1182,5499.750589996073,973.1871879087494
1183,5504.407449090058,973.1234304773649
1184,5509.0643081840435,973.0643720756426
1185,5513.721167278029,972.9737194806653
1186,5518.378026372013,972.84907345175
1187,5523.034885465998,972.6847838365686
1188,5527.691744559982,972.4946956484598
1189,5532.348603653967,972.3162713734788
1190,5537.005462747952,972.1885746658927
1191,5541.662321841936,972.1440893966869
1192,5546.319180935921,972.1891693427958
1193,5550.9760400299065,972.2848792605187
1194,5555.632899123892,972.3338791732415
1195,5560.289758217877,972.3098117676407
1196,5564.946617311862,972.248982759424
1197,5569.603476405846,972.1658798413991
1198,5574.260335499831,972.0863422420904
1199,5578.917194593815,972.0658262026593
1200,5583.5740536878,972.1099157708261
1201,5588.230912781785,972.1812106228626
1202,5592.887771875769,972.2435795253177
1203,5597.5446309697545,972.3008496314488
1204,5602.20149006374,972.3278586305208
1205,5606.858349157725,972.3231682461856
1206,5611.51520825171,972.3456690674577
1207,5616.172067345694,972.4553480232636
1208,5620.828926439679,972.6072787075249
1209,5625.485785533664,972.6921861912725
1210,5630.142644627648,972.6471428358609
1211,5634.799503721633,972.4550000745423
1212,5639.456362815618,972.1791655911713
1213,5644.1132219096025,971.89966213765
1214,5648.770081003588,971.690704743969
1215,5653.426940097573,971.5388630708558
1216,5658.083799191558,971.4065541286614
1217,5662.740658285543,971.2685453640455
1218,5667.397517379527,971.093689884539
1219,5672.054376473512,970.8989318873005
1220,5676.711235567497,970.7169986418928
1221,5681.368094661481,970.6127494955499
1222,5686.024953755466,970.5769830370091
1223,5690.6818128494515,970.5287489287653
1224,5695.338671943436,970.4448239692847
1225,5699.995531037421,970.3527881328497
1226,5704.652390131406,970.2853677548189
1227,5709.309249225391,970.2472401366722
1228,5713.966108319376,970.2604738746148
1229,5718.62296741336,970.3133683868314
1230,5723.279826507345,970.3151057638181
1231,5727.93668560133,970.2134960056414
1232,5732.593544695314,970.0665691552038
1233,5737.2504037892995,970.0079902883223
1234,5741.907262883285,970.1108788745134
1235,5746.564121977269,970.3004030786437
1236,5751.220981071254,970.418883153112
1237,5755.877840165238,970.3860472308126
1238,5760.534699259223,970.2364012443346
1239,5765.191558353209,970.0862979102351
1240,5769.848417447193,970.0163883752012
1241,5774.505276541178,969.9981083320064
1242,5779.162135635163,970.0127483919491
1243,5783.818994729148,970.0622153870977
1244,5788.475853823133,970.1185465922578
1245,5793.132712917117,970.119803787291
1246,5797.789572011102,970.0334005867303
1247,5802.446431105087,969.8912592264776
1248,5807.103290199071,969.7538257607883
1249,5811.760149293056,969.6391755553093
1250,5816.417008387041,969.5491816210274
1251,5821.073867481026,969.5105107636987
1252,5825.730726575011,969.5250760574538
1253,5830.387585668996,969.5265693449985
1254,5835.044444762981,969.5019854747426
1255,5839.701303856966,969.4856499784493
1256,5844.35816295095,969.4680215803689
1257,5849.015022044935,969.3902302657616
1258,5853.67188113892,969.2732621059081
1259,5858.328740232904,969.1699904880002
1260,5862.985599326889,969.1100702412293
1261,5867.642458420874,969.0431648395122
1262,5872.2993175148595,968.9389482114414
1263,5876.9561766088445,968.836076721459
1264,5881.613035702829,968.7910949638542
1265,5886.269894796814,968.7858197032497
1266,5890.926753890799,968.7481972142156
1267,5895.583612984783,968.608362755421
1268,5900.240472078768,968.387236770302
1269,5904.897331172753,968.186614608139
1270,5909.554190266737,968.1308850798332
1271,5914.211049360722,968.214041580778
1272,5918.8679084547075,968.2774035461787
1273,5923.524767548693,968.1892085454876
1274,5928.181626642678,968.0694084278039
1275,5932.838485736662,968.084869389754
1276,5937.495344830647,968.2536875187229
1277,5942.152203924632,968.3740197665636
1278,5946.809063018616,968.3830806328564
1279,5951.465922112601,968.3673271614325
1280,5956.122781206586,968.410404469883
1281,5960.7796403005705,968.4701779724726
1282,5965.4364993945555,968.4323713717397
1283,5970.093358488541,968.331977595421
1284,5974.750217582526,968.2748385347705
1285,5979.407076676511,968.3193891233482
1286,5984.063935770495,968.3883908839074
1287,5988.72079486448,968.421875
1288,5993.377653958465,968.4336893686259
1289,5998.034513052449,968.4796745229969
1290,6002.691372146434,968.5204315315374
1291,6007.3482312404185,968.5325735898226
1292,6012.005090334404,968.5438085863799
1293,6016.661949428389,968.6135919842432
1294,6021.318808522374,968.7536855851513
1295,6025.975667616359,968.9002053810659
1296,6030.632526710344,969.0004214101953
1297,6035.289385804328,968.9914004110956
1298,6039.946244898313,968.8920304446672
1299,6044.603103992297,968.7371455272018
1300,6049.259963086282,968.5955822280284
1301,6053.916822180267,968.4867874750767
1302,6058.573681274252,968.3854588135986
1303,6063.230540368237,968.2927414064834
1304,6067.887399462222,968.2384534242909
1305,6072.544258556206,968.219611015055
1306,6077.201117650191,968.193843559052
1307,6081.857976744176,968.1303258392027
1308,6086.514835838161,968.0690722198882
1309,6091.171694932146,968.0640083409035
1310,6095.82855402613,968.1312216723438
1311,6100.4854131201155,968.1927239326601
1312,6105.142272214101,968.1372989735895
1313,6109.799131308085,967.9613644042203
1314,6114.45599040207,967.7799149353549
1315,6119.112849496055,967.708750396809
1316,6123.769708590039,967.6958922996872
1317,6128.426567684024,967.6522431650021
1318,6133.083426778009,967.5788605381364
1319,6137.740285871994,967.5388478238835
1320,6142.397144965979,967.5338664138657
1321,6147.0540040599635,967.4998117214061
1322,6151.710863153949,967.4010858312157
1323,6156.367722247934,967.3004775341963
1324,6161.024581341918,967.2806100936355
1325,6165.681440435903,967.3471322583862
1326,6170.338299529888,967.3884141104573
1327,6174.995158623872,967.3036869891077
1328,6179.652017717857,967.1419125204841
1329,6184.308876811842,967.0311172186016
1330,6188.965735905827,967.0409086195207
1331,6193.6225949998125,967.118085901153
1332,6198.279454093797,967.2029837625303
1333,6202.936313187782,967.284960613694
1334,6207.593172281767,967.358451497854
1335,6212.250031375751,967.3972139046303
1336,6216.906890469736,967.410266782892
1337,6221.56374956372,967.4378327283102
1338,6226.220608657705,967.4707142424827
1339,6230.87746775169,967.4878646835803
1340,6235.534326845675,967.5183877564486
1341,6240.1911859396605,967.5649017430942
1342,6244.848045033646,967.6086969309264
1343,6249.50490412763,967.6464391494331
1344,6254.161763221615,967.7356276349651
1345,6258.818622315599,967.8827705645726
1346,6263.475481409584,968.0334742458357
1347,6268.132340503569,968.1243493235916
1348,6272.789199597553,968.1437582838587
1349,6277.446058691538,968.1541758145997
1350,6282.1029177855235,968.1768315829586
1351,6286.7597768795085,968.2046889064229
1352,6291.416635973494,968.2244909225619
1353,6296.073495067479,968.2437608261189
1354,6300.730354161463,968.251963277145
1355,6305.387213255448,968.2615230249901
1356,6310.044072349432,968.2591123343594
1357,6314.700931443417,968.2734758438436
1358,6319.357790537402,968.319639959358
1359,6324.014649631386,968.4005307738091
1360,6328.6715087253715,968.451940871207
1361,6333.328367819357,968.4327603891886
1362,6337.985226913342,968.3473606587785
1363,6342.642086007327,968.2785472866433
1364,6347.298945101311,968.280043897722
1365,6351.955804195296,968.3485865561998
1366,6356.612663289281,968.4461890123418
1367,6361.269522383265,968.5183863317928
1368,6365.92638147725,968.5363615875422
